{
  "formatVersion": 1,
  "database": {
    "version": 4,
    "identityHash": "e394580ad387c598cefc88fe6053b1ba",
    "entities": [
      {
        "tableName": "AccessTime",
        "createSql": "CREATE TABLE IF NOT EXISTS `${TABLE_NAME}` (`id` INTEGER PRIMARY KEY AUTOINCREMENT NOT NULL, `access_time` TEXT, `player_number` INTEGER NOT NULL DEFAULT 0, `point2_in` INTEGER NOT NULL DEFAULT 0)",
        "fields": [
          {
            "fieldPath": "id",
            "columnName": "id",
            "affinity": "INTEGER",
            "notNull": true
          },
          {
            "fieldPath": "accessTime",
            "columnName": "access_time",
            "affinity": "TEXT",
            "notNull": false
          },
          {
            "fieldPath": "playerNumber",
            "columnName": "player_number",
            "affinity": "INTEGER",
            "notNull": true,
            "defaultValue": "0"
          },
          {
            "fieldPath": "point2in",
            "columnName": "point2_in",
            "affinity": "INTEGER",
            "notNull": true,
            "defaultValue": "0"
          }
        ],
        "primaryKey": {
          "columnNames": [
            "id"
          ],
          "autoGenerate": true
        },
        "indices": [],
        "foreignKeys": []
      }
    ],
    "views": [],
    "setupQueries": [
      "CREATE TABLE IF NOT EXISTS room_master_table (id INTEGER PRIMARY KEY,identity_hash TEXT)",
      "INSERT OR REPLACE INTO room_master_table (id,identity_hash) VALUES(42, 'e394580ad387c598cefc88fe6053b1ba')"
    ]
  }
}